<?xml version="1.0" encoding="UTF-8"?>
<project-private xmlns="http://www.netbeans.org/ns/project-private/1">
    <editor-bookmarks xmlns="http://www.netbeans.org/ns/editor-bookmarks/2" lastBookmarkId="0"/>
    <open-files xmlns="http://www.netbeans.org/ns/projectui-open-files/2">
        <group>
            <file>file:/C:/Users/sepaj/Documents/NetBeansProjects/JavaApplication1/src/inem/Equipo.java</file>
            <file>file:/C:/Users/sepaj/Documents/NetBeansProjects/JavaApplication1/src/inem/Proyecto.java</file>
            <file>file:/C:/Users/sepaj/Documents/NetBeansProjects/JavaApplication1/src/inem/Directivo.java</file>
            <file>file:/C:/Users/sepaj/Documents/NetBeansProjects/JavaApplication1/src/inem/EmpleadoImpl.java</file>
            <file>file:/C:/Users/sepaj/Documents/NetBeansProjects/JavaApplication1/src/inem/CacheMinimo.java</file>
            <file>file:/C:/Users/sepaj/Documents/NetBeansProjects/JavaApplication1/src/inem/MapExample.java</file>
            <file>file:/C:/Users/sepaj/Documents/NetBeansProjects/JavaApplication1/src/inem/CacheException.java</file>
            <file>file:/C:/Users/sepaj/Documents/NetBeansProjects/JavaApplication1/src/inem/EmpleadoBase.java</file>
            <file>file:/C:/Users/sepaj/Documents/NetBeansProjects/JavaApplication1/src/inem/NoDirectivo.java</file>
            <file>file:/C:/Users/sepaj/Documents/NetBeansProjects/JavaApplication1/src/inem/EmpleadoPrivado.java</file>
            <file>file:/C:/Users/sepaj/Documents/NetBeansProjects/JavaApplication1/src/inem/TechoSalarial.java</file>
            <file>file:/C:/Users/sepaj/Documents/NetBeansProjects/JavaApplication1/src/inem/Main.java</file>
            <file>file:/C:/Users/sepaj/Documents/NetBeansProjects/JavaApplication1/src/inem/CacheMaximo.java</file>
            <file>file:/C:/Users/sepaj/Documents/NetBeansProjects/JavaApplication1/src/inem/Empleado.java</file>
            <file>file:/C:/Users/sepaj/Documents/NetBeansProjects/JavaApplication1/src/inem/EmpleadoPublico.java</file>
        </group>
    </open-files>
</project-private>
